{"name":"301890c8-7c2f-4f41-b9d6-f5cfa4251cf4","id":"/providers/Microsoft.Flow/flows/301890c8-7c2f-4f41-b9d6-f5cfa4251cf4","type":"Microsoft.Flow/flows","properties":{"apiId":"/providers/Microsoft.PowerApps/apis/shared_logicflows","displayName":"Randomizing-ProofOfConcept-Excel","definition":{"metadata":{"workflowEntityId":null,"processAdvisorMetadata":null,"flowChargedByPaygo":null,"flowclientsuspensionreason":"None","flowclientsuspensiontime":null,"flowclientsuspensionreasondetails":null,"creator":{"id":"b3cdd272-0978-4819-9dcf-caa5e6ddf9f5","type":"User","tenantId":"e95f1b23-abaf-45ee-821d-b7ab251ab3bf"},"provisioningMethod":"FromDefinition","failureAlertSubscription":true,"clientLastModifiedTime":"2023-09-19T13:21:34.0080661Z"},"$schema":"https://schema.management.azure.com/providers/Microsoft.Logic/schemas/2016-06-01/workflowdefinition.json#","contentVersion":"1.0.0.0","parameters":{"$connections":{"defaultValue":{},"type":"Object"},"$authentication":{"defaultValue":{},"type":"SecureObject"}},"triggers":{"manual":{"metadata":{"operationMetadataId":"222b5bb4-336e-4ba0-abd4-0aea4723aa43"},"type":"Request","kind":"Button","inputs":{"schema":{"type":"object","properties":{},"required":[]},"headersSchema":{"x-ms-user-email-encoded":{"title":"User email","type":"string","format":"byte","x-ms-dynamically-added":false}}}}},"actions":{"CurrentCensus":{"actions":{"GetExcelTable":{"runAfter":{},"metadata":{"014B3LXK5MXOHMHVHOK5E2FS7WVUI5T6UJ":"/TestFile.xlsx","operationMetadataId":"449fa477-b316-477f-9ff2-afa50a4582c8","tableId":"{70FFFF2C-26C7-4307-BB48-9B870515E76F}"},"type":"OpenApiConnection","inputs":{"host":{"apiId":"/providers/Microsoft.PowerApps/apis/shared_excelonlinebusiness","connectionName":"shared_excelonlinebusiness","operationId":"GetItems"},"parameters":{"source":"me","drive":"b!NiebyAEkfEui7KB3TyiTrJ5QMRzzvPNCgflxqHksP8ca47pCmEqqQ4V3ciSbKB5i","file":"014B3LXK5MXOHMHVHOK5E2FS7WVUI5T6UJ","table":"{70FFFF2C-26C7-4307-BB48-9B870515E76F}"},"authentication":"@parameters('$authentication')"},"description":"Power Flows do not allow for Dynamic naming of spreadsheets. Unfortunately. Can change these to match your needs"},"CountCensus":{"runAfter":{"GetExcelTable":["Succeeded"]},"metadata":{"operationMetadataId":"a2fd3e48-80f1-47a3-8bf9-2ce263dcef22"},"type":"Compose","inputs":"@length(outputs('GetExcelTable')?['body/value'])","description":"Tallys the census based on the number of rows in your Excel sheet"}},"runAfter":{"UDSList":["Succeeded"]},"metadata":{"operationMetadataId":"09ea4f49-91b5-4609-9cc8-d253237bf9a2"},"type":"Scope","description":"Calculates the today's census from the Excel spreadsheet. "},"GetRandomNumberKeys":{"actions":{"PullRandomNumbersFromWeb":{"runAfter":{},"metadata":{"operationMetadataId":"0cddb7e0-1195-449c-ab1b-663138b35b29"},"type":"Http","inputs":{"method":"GET","uri":"https://www.random.org/sequences/?num=@{variables('MaxNumberofBeds')}&min=1&max=@{outputs('CountCensus')}&col=@{outputs('CountCensus')}&base=10&format=plain&rnd=new"},"description":"Random.Org uses url parms to return a list of randomized numbers drawn from Cloudflare's encryption machine. "},"ParseRandomNumbers":{"runAfter":{"PullRandomNumbersFromWeb":["Succeeded"]},"metadata":{"operationMetadataId":"f20d6475-ef24-494b-9d36-1f7fcd5953f1"},"type":"Compose","inputs":"@split(trim(body('PullRandomNumbersFromWeb')),'\t')","description":"Convert the Random.org output to an array of integers"},"Do_until":{"actions":{"Increment_variable":{"runAfter":{"Append_to_string_variable":["Succeeded"]},"metadata":{"operationMetadataId":"78583fb8-d1f1-4def-9781-598d8bce9c52"},"type":"IncrementVariable","inputs":{"name":"LoopCounter","value":1}},"Compose":{"runAfter":{},"metadata":{"operationMetadataId":"73bca1e9-5270-4b1e-ab2f-73000e00007e"},"type":"Compose","inputs":"@sub(int(outputs('ParseRandomNumbers')[variables('LoopCounter')]),1)","description":"Rows in excel are internally numbered 0..n, not 1..n"},"Append_to_string_variable":{"runAfter":{"Compose":["Succeeded"]},"metadata":{"operationMetadataId":"504e7d43-553c-496e-b801-2c2e31d9d3ff"},"type":"AppendToStringVariable","inputs":{"name":"UDSMiniTable","value":"@{outputs('GetExcelTable')?['body/value'][outputs('Compose')]?['Veteran']}\\n\\n"},"description":"We'll add the nth row of the Excel sheet to the list of UA's pick, whereas nth is the random number"}},"runAfter":{"ParseRandomNumbers":["Succeeded"]},"expression":"@greaterOrEquals(variables('LoopCounter'), variables('MaxNumberOfPicks'))","limit":{"count":1000,"timeout":"PT1H"},"metadata":{"operationMetadataId":"3865e557-c68b-42e2-8636-509c49362498"},"type":"Until","description":"Loop through the array of Random Numbers until reaching the Max Number of UDS picks "}},"runAfter":{"CreateLoopCounter":["Succeeded"]},"metadata":{"operationMetadataId":"e784cfdd-a495-417d-8df8-0f02cffd568b"},"type":"Scope","description":"This is the 'hook' that obtains the random numbers from the web"},"CreateLoopCounter":{"runAfter":{"CurrentCensus":["Succeeded"]},"metadata":{"operationMetadataId":"a296db20-6ad0-460c-8930-f599dd2f3505"},"type":"InitializeVariable","inputs":{"variables":[{"name":"LoopCounter","type":"integer","value":0}]},"description":"Just an internal counter for looping through choices. Power flow variables have to be declared before used"},"UDSList":{"runAfter":{"MaxNumberOfBeds":["Succeeded"]},"metadata":{"operationMetadataId":"e90edf99-f0df-4b52-b7c1-27d5d6bf9842"},"type":"InitializeVariable","inputs":{"variables":[{"name":"UDSMiniTable","type":"string"}]},"description":"Do not change. Adaptive cards rely on text objects. So the picks will be appended here until max # is reached"},"MaxNumberOfUAsToday":{"runAfter":{},"metadata":{"operationMetadataId":"1248204e-deb6-403e-bffb-ae0ab3930fe2"},"type":"InitializeVariable","inputs":{"variables":[{"name":"MaxNumberOfPicks","type":"integer","value":3}]},"description":"CHANGE THIS to How Many UAs do you want today?"},"MaxNumberOfBeds":{"runAfter":{"MaxNumberOfUAsToday":["Succeeded"]},"metadata":{"operationMetadataId":"228871c0-8817-4148-9116-8c797ee149d4"},"type":"InitializeVariable","inputs":{"variables":[{"name":"MaxNumberofBeds","type":"integer","value":40}]},"description":"CHANGE THIS How many beds are there total (occupied & unoccupied)? Needed to maximize range of random numbers"},"Post_card_in_a_chat_or_channel":{"runAfter":{"GetRandomNumberKeys":["Succeeded"]},"metadata":{"operationMetadataId":"c4abb2e0-0618-409f-98e7-1bff8a7c6efd"},"type":"OpenApiConnection","inputs":{"host":{"apiId":"/providers/Microsoft.PowerApps/apis/shared_teams","connectionName":"shared_teams","operationId":"PostCardToConversation"},"parameters":{"poster":"Flow bot","location":"Chat with Flow bot","body/recipient":"@triggerOutputs()['headers']['x-ms-user-email-encoded']","body/messageBody":"{\n    \"$schema\": \"http://adaptivecards.io/schemas/adaptive-card.json\",\n    \"type\": \"AdaptiveCard\",\n    \"version\": \"1.3\",\n    \"body\": [\n        {\n            \"type\": \"ColumnSet\",\n            \"columns\": [\n                {\n                    \"type\": \"Column\",\n                    \"width\": \"stretch\",\n                    \"items\": [\n                        {\n                            \"type\": \"TextBlock\",\n                            \"text\": \"Today's Random UDS\",\n                            \"weight\": \"Bolder\",\n                            \"size\": \"ExtraLarge\",\n                            \"spacing\": \"None\",\n                            \"wrap\": true,\n                            \"color\": \"Accent\"\n                        }\n                    ]\n                },\n                {\n                    \"type\": \"Column\",\n                    \"width\": \"stretch\",\n                    \"items\": [\n                        {\n                            \"type\": \"Image\",\n                            \"url\": \"https://www.ucsfhealth.org/-/media/project/ucsf/ucsf-health/medical-tests/hero/urinalysis-2x.jpg\",\n                            \"altText\": \"UDS image\"\n                        }\n                    ]\n                }\n            ]\n        },\n        {\n            \"type\": \"ColumnSet\",\n            \"columns\": [\n                {\n                    \"type\": \"Column\",\n                    \"width\": 2,\n                    \"items\": [\n                        {\n                            \"type\": \"TextBlock\",\n                            \"text\": \"@{if(greater(variables('MaxNumberOfPicks'),1),'Random selections have','A random selection has')} been made on request. Please have the following submit for UDS today:\",\n                            \"wrap\": true,\n                            \"spacing\": \"None\"\n                        },\n                        {\n                            \"type\": \"TextBlock\",\n                            \"text\": \" \",\n                            \"wrap\": true,\n                            \"separator\": true\n                        },\n                        {\n                            \"type\": \"TextBlock\",\n                            \"text\": \"@{variables('UDSMiniTable')}\",\n                            \"size\": \"Medium\",\n                            \"wrap\": true,\n                            \"maxLines\": 3,\n                            \"spacing\": \"None\",\n                            \"weight\": \"Bolder\",\n                            \"color\": \"Attention\",\n                            \"isSubtle\": false\n                        }\n                    ]\n                }\n            ]\n        },\n        {\n            \"type\": \"TextBlock\",\n            \"text\": \"[Created: Dr. Richard, 2023](mailto:richard.rasulis@va.gov?subject=UDS%20Power%20Flow%20Question)\\n\\n\",\n            \"wrap\": true,\n            \"horizontalAlignment\": \"Right\",\n            \"fontType\": \"Monospace\",\n            \"size\": \"Small\",\n            \"weight\": \"Lighter\",\n            \"color\": \"Light\",\n            \"isSubtle\": true\n        }\n    ],\n    \"verticalContentAlignment\": \"Center\",\n    \"rtl\": false,\n    \"backgroundImage\": {\n        \"verticalAlignment\": \"Center\",\n        \"horizontalAlignment\": \"Center\",\n        \"url\": \"https://cdn.wallpapersafari.com/34/9/ctNTvn.jpg\"\n    }\n}"},"authentication":"@parameters('$authentication')"}}}},"connectionReferences":{"shared_excelonlinebusiness":{"connectionName":"shared-excelonlinebu-4c871ecb-dca2-42d3-bffc-ad3ef332deda","source":"Embedded","id":"/providers/Microsoft.PowerApps/apis/shared_excelonlinebusiness","tier":"NotSpecified"},"shared_teams":{"connectionName":"shared-teams-870e26ea-3d36-46eb-9beb-b57b39f2afb7","source":"Embedded","id":"/providers/Microsoft.PowerApps/apis/shared_teams","tier":"NotSpecified"}},"flowFailureAlertSubscribed":false,"isManaged":false}}